{"indexes":[{"v":{"$numberInt":"2"},"key":{"_id":{"$numberInt":"1"}},"name":"_id_"},{"v":{"$numberInt":"2"},"key":{"teacher_id":{"$numberInt":"1"}},"name":"UQ_4218596f5a4a574cff06e91d791","unique":true},{"v":{"$numberInt":"2"},"key":{"employee_id_number":{"$numberInt":"1"}},"name":"UQ_65e9b70c3ad2e1e17f8ffb56fcc","unique":true},{"v":{"$numberInt":"2"},"key":{"phone_number":{"$numberInt":"1"}},"name":"UQ_7643d97dfa98ab54f28ab46a335","unique":true},{"v":{"$numberInt":"2"},"key":{"full_name":{"$numberInt":"1"}},"name":"UQ_0c10c1b863b34796a2f97455631","unique":true},{"v":{"$numberInt":"2"},"key":{"email":{"$numberInt":"1"}},"name":"UQ_00634394dce7677d531749ed8e8","unique":true}],"uuid":"e85c82f875be4e119633f09a3ef9b3d1","collectionName":"teacher","type":"collection"}